[
	{
		"inputs": [
			{
				"internalType": "uint64",
				"name": "subscriptionId",
				"type": "uint64"
			},
			{
				"internalType": "contract IERC20",
				"name": "_paytoken",
				"type": "address"
			}
		],
		"stateMutability": "nonpayable",
		"type": "constructor"
	},
	{
		"inputs": [
			{
				"internalType": "address",
				"name": "target",
				"type": "address"
			}
		],
		"name": "AddressEmptyCode",
		"type": "error"
	},
	{
		"inputs": [
			{
				"internalType": "address",
				"name": "account",
				"type": "address"
			}
		],
		"name": "AddressInsufficientBalance",
		"type": "error"
	},
	{
		"inputs": [],
		"name": "FailedInnerCall",
		"type": "error"
	},
	{
		"inputs": [
			{
				"internalType": "address",
				"name": "have",
				"type": "address"
			},
			{
				"internalType": "address",
				"name": "want",
				"type": "address"
			}
		],
		"name": "OnlyCoordinatorCanFulfill",
		"type": "error"
	},
	{
		"inputs": [
			{
				"internalType": "address",
				"name": "owner",
				"type": "address"
			}
		],
		"name": "OwnableInvalidOwner",
		"type": "error"
	},
	{
		"inputs": [
			{
				"internalType": "address",
				"name": "account",
				"type": "address"
			}
		],
		"name": "OwnableUnauthorizedAccount",
		"type": "error"
	},
	{
		"inputs": [
			{
				"internalType": "address",
				"name": "token",
				"type": "address"
			}
		],
		"name": "SafeERC20FailedOperation",
		"type": "error"
	},
	{
		"anonymous": false,
		"inputs": [
			{
				"indexed": true,
				"internalType": "uint256",
				"name": "lotteryId",
				"type": "uint256"
			},
			{
				"indexed": false,
				"internalType": "uint256",
				"name": "lastTicketId",
				"type": "uint256"
			}
		],
		"name": "LotteryClose",
		"type": "event"
	},
	{
		"anonymous": false,
		"inputs": [
			{
				"indexed": true,
				"internalType": "uint256",
				"name": "lotteryId",
				"type": "uint256"
			},
			{
				"indexed": false,
				"internalType": "uint256",
				"name": "startTime",
				"type": "uint256"
			},
			{
				"indexed": false,
				"internalType": "uint256",
				"name": "endTime",
				"type": "uint256"
			},
			{
				"indexed": false,
				"internalType": "uint256",
				"name": "ticketPrice",
				"type": "uint256"
			},
			{
				"indexed": false,
				"internalType": "uint256",
				"name": "firstTicketId",
				"type": "uint256"
			},
			{
				"indexed": false,
				"internalType": "uint256",
				"name": "transferJackpot",
				"type": "uint256"
			},
			{
				"indexed": false,
				"internalType": "uint256",
				"name": "lastTicketId",
				"type": "uint256"
			},
			{
				"indexed": false,
				"internalType": "uint256",
				"name": "totalPayout",
				"type": "uint256"
			}
		],
		"name": "LotteryOpen",
		"type": "event"
	},
	{
		"anonymous": false,
		"inputs": [
			{
				"indexed": true,
				"internalType": "uint256",
				"name": "lotteryId",
				"type": "uint256"
			},
			{
				"indexed": false,
				"internalType": "uint256[6]",
				"name": "finalNumber",
				"type": "uint256[6]"
			}
		],
		"name": "LotteryWinnerNumber",
		"type": "event"
	},
	{
		"anonymous": false,
		"inputs": [
			{
				"indexed": true,
				"internalType": "address",
				"name": "previousOwner",
				"type": "address"
			},
			{
				"indexed": true,
				"internalType": "address",
				"name": "newOwner",
				"type": "address"
			}
		],
		"name": "OwnershipTransferred",
		"type": "event"
	},
	{
		"anonymous": false,
		"inputs": [
			{
				"indexed": true,
				"internalType": "address",
				"name": "buyer",
				"type": "address"
			},
			{
				"indexed": true,
				"internalType": "uint256",
				"name": "lotteryId",
				"type": "uint256"
			},
			{
				"indexed": false,
				"internalType": "uint256[6]",
				"name": "chooseNumbers",
				"type": "uint256[6]"
			}
		],
		"name": "TicketsPurchase",
		"type": "event"
	},
	{
		"inputs": [
			{
				"internalType": "address",
				"name": "",
				"type": "address"
			},
			{
				"internalType": "uint256",
				"name": "",
				"type": "uint256"
			}
		],
		"name": "_winnersPerLotteryId",
		"outputs": [
			{
				"internalType": "uint256",
				"name": "",
				"type": "uint256"
			}
		],
		"stateMutability": "view",
		"type": "function"
	},
	{
		"inputs": [
			{
				"internalType": "uint256[6]",
				"name": "numbers",
				"type": "uint256[6]"
			}
		],
		"name": "buyTickets",
		"outputs": [],
		"stateMutability": "payable",
		"type": "function"
	},
	{
		"inputs": [
			{
				"internalType": "uint256",
				"name": "_lottoId",
				"type": "uint256"
			}
		],
		"name": "claimPrize",
		"outputs": [],
		"stateMutability": "nonpayable",
		"type": "function"
	},
	{
		"inputs": [],
		"name": "closeLottery",
		"outputs": [],
		"stateMutability": "nonpayable",
		"type": "function"
	},
	{
		"inputs": [],
		"name": "countWinners",
		"outputs": [],
		"stateMutability": "nonpayable",
		"type": "function"
	},
	{
		"inputs": [],
		"name": "currentLotteryId",
		"outputs": [
			{
				"internalType": "uint256",
				"name": "",
				"type": "uint256"
			}
		],
		"stateMutability": "view",
		"type": "function"
	},
	{
		"inputs": [],
		"name": "currentTicketId",
		"outputs": [
			{
				"internalType": "uint256",
				"name": "",
				"type": "uint256"
			}
		],
		"stateMutability": "view",
		"type": "function"
	},
	{
		"inputs": [],
		"name": "drawNumbers",
		"outputs": [],
		"stateMutability": "nonpayable",
		"type": "function"
	},
	{
		"inputs": [
			{
				"internalType": "uint256",
				"name": "amount",
				"type": "uint256"
			}
		],
		"name": "fundContract",
		"outputs": [],
		"stateMutability": "nonpayable",
		"type": "function"
	},
	{
		"inputs": [],
		"name": "getBalance",
		"outputs": [
			{
				"internalType": "uint256",
				"name": "",
				"type": "uint256"
			}
		],
		"stateMutability": "view",
		"type": "function"
	},
	{
		"inputs": [],
		"name": "getRequestStatus",
		"outputs": [
			{
				"internalType": "bool",
				"name": "fulfilled",
				"type": "bool"
			},
			{
				"internalType": "uint256[]",
				"name": "randomWords",
				"type": "uint256[]"
			}
		],
		"stateMutability": "view",
		"type": "function"
	},
	{
		"inputs": [],
		"name": "lastRequestId",
		"outputs": [
			{
				"internalType": "uint256",
				"name": "",
				"type": "uint256"
			}
		],
		"stateMutability": "view",
		"type": "function"
	},
	{
		"inputs": [],
		"name": "numberWinner",
		"outputs": [
			{
				"internalType": "uint256",
				"name": "",
				"type": "uint256"
			}
		],
		"stateMutability": "view",
		"type": "function"
	},
	{
		"inputs": [],
		"name": "openLottery",
		"outputs": [],
		"stateMutability": "nonpayable",
		"type": "function"
	},
	{
		"inputs": [],
		"name": "owner",
		"outputs": [
			{
				"internalType": "address",
				"name": "",
				"type": "address"
			}
		],
		"stateMutability": "view",
		"type": "function"
	},
	{
		"inputs": [
			{
				"internalType": "uint256",
				"name": "requestId",
				"type": "uint256"
			},
			{
				"internalType": "uint256[]",
				"name": "randomWords",
				"type": "uint256[]"
			}
		],
		"name": "rawFulfillRandomWords",
		"outputs": [],
		"stateMutability": "nonpayable",
		"type": "function"
	},
	{
		"inputs": [],
		"name": "renounceOwnership",
		"outputs": [],
		"stateMutability": "nonpayable",
		"type": "function"
	},
	{
		"inputs": [
			{
				"internalType": "uint256",
				"name": "",
				"type": "uint256"
			}
		],
		"name": "s_requests",
		"outputs": [
			{
				"internalType": "bool",
				"name": "fulfilled",
				"type": "bool"
			},
			{
				"internalType": "bool",
				"name": "exists",
				"type": "bool"
			}
		],
		"stateMutability": "view",
		"type": "function"
	},
	{
		"inputs": [],
		"name": "serviceFee",
		"outputs": [
			{
				"internalType": "uint256",
				"name": "",
				"type": "uint256"
			}
		],
		"stateMutability": "view",
		"type": "function"
	},
	{
		"inputs": [],
		"name": "ticketPrice",
		"outputs": [
			{
				"internalType": "uint256",
				"name": "",
				"type": "uint256"
			}
		],
		"stateMutability": "view",
		"type": "function"
	},
	{
		"inputs": [
			{
				"internalType": "address",
				"name": "newOwner",
				"type": "address"
			}
		],
		"name": "transferOwnership",
		"outputs": [],
		"stateMutability": "nonpayable",
		"type": "function"
	},
	{
		"inputs": [
			{
				"internalType": "uint256",
				"name": "_lotteryId",
				"type": "uint256"
			}
		],
		"name": "viewLottery",
		"outputs": [
			{
				"components": [
					{
						"internalType": "enum N2DLottery.Status",
						"name": "status",
						"type": "uint8"
					},
					{
						"internalType": "uint256",
						"name": "startTime",
						"type": "uint256"
					},
					{
						"internalType": "uint256",
						"name": "endTime",
						"type": "uint256"
					},
					{
						"internalType": "uint256",
						"name": "firstTicketId",
						"type": "uint256"
					},
					{
						"internalType": "uint256",
						"name": "transferJackpot",
						"type": "uint256"
					},
					{
						"internalType": "uint256",
						"name": "lastTicketId",
						"type": "uint256"
					},
					{
						"internalType": "uint256[6]",
						"name": "winningNumbers",
						"type": "uint256[6]"
					},
					{
						"internalType": "uint256",
						"name": "totalPayout",
						"type": "uint256"
					},
					{
						"internalType": "uint256",
						"name": "commision",
						"type": "uint256"
					},
					{
						"internalType": "uint256",
						"name": "winnerCount",
						"type": "uint256"
					}
				],
				"internalType": "struct N2DLottery.Lottery",
				"name": "",
				"type": "tuple"
			}
		],
		"stateMutability": "view",
		"type": "function"
	},
	{
		"inputs": [
			{
				"internalType": "uint256",
				"name": "ticketId",
				"type": "uint256"
			}
		],
		"name": "viewTickets",
		"outputs": [
			{
				"internalType": "address",
				"name": "",
				"type": "address"
			},
			{
				"internalType": "uint256[6]",
				"name": "",
				"type": "uint256[6]"
			}
		],
		"stateMutability": "view",
		"type": "function"
	},
	{
		"inputs": [],
		"name": "withdraw",
		"outputs": [],
		"stateMutability": "nonpayable",
		"type": "function"
	}
]